split,episode_id,model,K,M,n_demos_in_prompt,demo_ids_in_prompt,success,max_reward,parse_ok,parse_errors
seen,0,gemma4:26b,10,20,4,"[1, 2, 3, 4]",0,0.0,1,[]
seen,1,gemma4:26b,10,20,4,"[0, 2, 3, 4]",0,0.0,1,[]
seen,2,gemma4:26b,10,20,4,"[0, 1, 3, 4]",0,1.0,1,[]
seen,3,gemma4:26b,10,20,4,"[0, 1, 2, 4]",0,2.0,1,[]
seen,4,gemma4:26b,10,20,4,"[0, 1, 2, 3]",0,1.0,1,[]
unseen,20,gemma4:26b,10,20,5,"[0, 1, 2, 3, 4]",0,0.0,1,[]
unseen,21,gemma4:26b,10,20,5,"[0, 1, 2, 3, 4]",0,0.0,1,[]
unseen,22,gemma4:26b,10,20,5,"[0, 1, 2, 3, 4]",0,0.0,1,[]
unseen,23,gemma4:26b,10,20,5,"[0, 1, 2, 3, 4]",0,0.0,1,[]
unseen,24,gemma4:26b,10,20,5,"[0, 1, 2, 3, 4]",0,0.0,1,[]
